lat,lon,band1,band2,band3,band4,band5,band6,band7,irradiance
-8789850.0,184950.0,0.10232475336297674,0.0795690824009232,0.05199014817063273,0.2689025987208257,0.12297841642375826,295.79909850400185,0.043425142841506004,204.45105762905877
-8784900.0,174600.0,0.10232475950056624,0.0795690824009232,0.05199014817063273,0.2689025987208257,0.12297841642375826,295.79909916856883,0.043425142841506004,202.6849081125052
-8775000.0,164700.0,0.10232477956334234,0.0795690824009232,0.05199014817063273,0.2689025987208257,0.12297841642375826,295.7991013409329,0.043425142841506004,199.9048292749215
-8775000.0,169650.0,0.10232478593571398,0.0795690824009232,0.05199014817063273,0.2689025987208257,0.12297841642375826,295.7991020309235,0.043425142841506004,200.2895369077138
-8775000.0,174600.0,0.10232479256506422,0.0795690824009232,0.05199014817063273,0.2689025987208257,0.12297841642375826,295.79910274873953,0.043425142841506004,200.69374449319056
-8775000.0,194850.0,0.10232481509428874,0.0795690824009232,0.05199014817063273,0.2689025987208257,0.12297841642375826,295.7991051881726,0.043425142841506004,202.16122182272403
-8769600.0,164700.0,0.10232479524007833,0.0795690824009232,0.05199014817063273,0.2689025987208257,0.12297841642375826,295.7991030383862,0.043425142841506004,198.87545654958
-8769600.0,174600.0,0.10232480725462538,0.0795690824009232,0.05199014817063273,0.2689025987208257,0.12297841642375826,295.79910433930445,0.043425142841506004,199.70387557903655
-8769600.0,184950.0,0.10232482111318317,0.0795690824009232,0.05199014817063273,0.2689025987208257,0.12297841642375826,295.79910583989084,0.043425142841506004,200.55139504332038
-8769600.0,189900.0,0.10232482717348453,0.0795690824009232,0.05199014817063273,0.2689025987208257,0.12297841642375826,295.79910649609275,0.043425142841506004,200.9031358764626
-8769600.0,194850.0,0.10232483203211633,0.0795690824009232,0.05199014817063273,0.2689025987208257,0.12297841642375826,295.7991070221799,0.043425142841506004,201.20590750697542
-8764650.0,154800.0,0.10232479887473732,0.0795690824009232,0.05199014817063273,0.2689025987208257,0.12297841642375826,295.7991034319417,0.043425142841506004,197.3304754014632
-8764650.0,164700.0,0.10232480715064324,0.0795690824009232,0.05199014817063273,0.2689025987208257,0.12297841642375826,295.79910432804525,0.043425142841506004,198.01891915531223
-8764650.0,169650.0,0.10232481228869213,0.0795690824009232,0.05199014817063273,0.2689025987208257,0.12297841642375826,295.7991048843864,0.043425142841506004,198.44283068406065
-8764650.0,174600.0,0.10232481824181884,0.0795690824009232,0.05199014817063273,0.2689025987208257,0.12297841642375826,295.79910552898315,0.043425142841506004,198.88359273190056
-8764650.0,184950.0,0.1023248325653172,0.0795690824009232,0.05199014817063273,0.2689025987208257,0.12297841642375826,295.7991070799144,0.043425142841506004,199.75600537520052
-8764650.0,189900.0,0.1023248394444478,0.0795690824009232,0.05199014817063273,0.2689025987208257,0.12297841642375826,295.7991078247788,0.043425142841506004,200.1120531251986
-8764650.0,194850.0,0.10232484549678682,0.0795690824009232,0.05199014817063273,0.2689025987208257,0.12297841642375826,295.7991084801197,0.043425142841506004,200.413777008151
-8759700.0,154800.0,0.10232480988005004,0.0795690824009232,0.05199014817063273,0.2689025987208257,0.12297841642375826,295.7991046235819,0.043425142841506004,196.53860391713087
-8759700.0,159750.0,0.10232481284929207,0.0795690824009232,0.05199014817063273,0.2689025987208257,0.12297841642375826,295.7991049450872,0.043425142841506004,196.86272045821033
-8759700.0,164700.0,0.10232481646595712,0.0795690824009232,0.05199014817063273,0.2689025987208257,0.12297841642375826,295.7991053366953,0.043425142841506004,197.2609848483246
-8759700.0,169650.0,0.1023248210449334,0.0795690824009232,0.05199014817063273,0.2689025987208257,0.12297841642375826,295.799105832501,0.043425142841506004,197.70354811218394
-8759700.0,174600.0,0.10232482672712213,0.0795690824009232,0.05199014817063273,0.2689025987208257,0.12297841642375826,295.7991064477613,0.043425142841506004,198.16142553073357
-8759700.0,184950.0,0.10232484165415429,0.0795690824009232,0.05199014817063273,0.2689025987208257,0.12297841642375826,295.79910806404354,0.043425142841506004,199.0578584170318
-8759700.0,189900.0,0.10232484944588355,0.0795690824009232,0.05199014817063273,0.2689025987208257,0.12297841642375826,295.7991089077237,0.043425142841506004,199.41770518609036
-8759700.0,244800.0,0.10232474116870446,0.0795690824009232,0.05199014817063273,0.2689025987208257,0.12297841642375826,295.79909718362825,0.043425142841506004,201.11402771844402
-8754750.0,154800.0,0.10232481797162465,0.0795690824009232,0.05199014817063273,0.2689025987208257,0.12297841642375826,295.79910549972675,0.043425142841506004,195.85655364491652
-8754750.0,159750.0,0.10232482014598991,0.0795690824009232,0.05199014817063273,0.2689025987208257,0.12297841642375826,295.79910573516446,0.043425142841506004,196.1956962297786
-8754750.0,164700.0,0.10232482309843008,0.0795690824009232,0.05199014817063273,0.2689025987208257,0.12297841642375826,295.7991060548507,0.043425142841506004,196.6114357300639
-8754750.0,169650.0,0.10232482721825698,0.0795690824009232,0.05199014817063273,0.2689025987208257,0.12297841642375826,295.79910650094075,0.043425142841506004,197.0719103481429
-8754750.0,174600.0,0.10232483271446292,0.0795690824009232,0.05199014817063273,0.2689025987208257,0.12297841642375826,295.7991070960634,0.043425142841506004,197.54626629446983
-8754750.0,184950.0,0.10232484837582242,0.0795690824009232,0.05199014817063273,0.2689025987208257,0.12297841642375826,295.79910879185854,0.043425142841506004,198.4659650827629
-8754750.0,189900.0,0.1023248571299725,0.0795690824009232,0.05199014817063273,0.2689025987208257,0.12297841642375826,295.79910973974904,0.043425142841506004,198.82956569217282
-8754750.0,194850.0,0.10232486587041967,0.0795690824009232,0.05199014817063273,0.2689025987208257,0.12297841642375826,295.7991106861569,0.043425142841506004,199.12817960514354
-8754750.0,225000.0,0.10232486680408373,0.0795690824009232,0.05199014817063273,0.2689025987208257,0.12297841642375826,295.7991107872529,0.043425142841506004,199.83622861727292
-8754750.0,249750.0,0.1023247359884108,0.0795690824009232,0.05199014817063273,0.2689025987208257,0.12297841642375826,295.7990966227162,0.043425142841506004,200.7238393506572
-8744850.0,139950.0,0.10232481999229644,0.0795690824009232,0.05199014817063273,0.2689025987208257,0.12297841642375826,295.7991057185226,0.043425142841506004,194.56600005041867
-8744850.0,159750.0,0.10232482646481288,0.0795690824009232,0.05199014817063273,0.2689025987208257,0.12297841642375826,295.79910641935874,0.043425142841506004,195.20238897810106
-8744850.0,164700.0,0.10232482868898254,0.0795690824009232,0.05199014817063273,0.2689025987208257,0.12297841642375826,295.79910666018924,0.043425142841506004,195.64659502851785
-8744850.0,169650.0,0.10232483235632232,0.0795690824009232,0.05199014817063273,0.2689025987208257,0.12297841642375826,295.79910705728435,0.043425142841506004,196.13732752405951
-8744850.0,174600.0,0.10232483779943524,0.0795690824009232,0.05199014817063273,0.2689025987208257,0.12297841642375826,295.7991076466588,0.043425142841506004,196.6404560387186
-8744850.0,184950.0,0.10232485511801837,0.0795690824009232,0.05199014817063273,0.2689025987208257,0.12297841642375826,295.79910952189675,0.043425142841506004,197.60368189122318
-8744850.0,189900.0,0.10232486568717258,0.0795690824009232,0.05199014817063273,0.2689025987208257,0.12297841642375826,295.7991106663146,0.043425142841506004,197.97628739907455
-8744850.0,219600.0,0.10232491130691895,0.0795690824009232,0.05199014817063273,0.2689025987208257,0.12297841642375826,295.7991156059892,0.043425142841506004,198.82260030943178
-8744850.0,225000.0,0.10232490590537204,0.0795690824009232,0.05199014817063273,0.2689025987208257,0.12297841642375826,295.7991150211125,0.043425142841506004,198.85484405022606
-8744850.0,229950.0,0.10232489492855627,0.0795690824009232,0.05199014817063273,0.2689025987208257,0.12297841642375826,295.7991138325499,0.043425142841506004,198.9082333967223
-8744850.0,234900.0,0.10232487793053785,0.0795690824009232,0.05199014817063273,0.2689025987208257,0.12297841642375826,295.7991119920164,0.043425142841506004,199.00443585042206
-8744850.0,249750.0,0.10232479444185358,0.0795690824009232,0.05199014817063273,0.2689025987208257,0.12297841642375826,295.7991029519557,0.043425142841506004,199.68670230883708
-8744850.0,254700.0,0.1023247589629882,0.0795690824009232,0.05199014817063273,0.2689025987208257,0.12297841642375826,295.7990991103608,0.043425142841506004,200.06721741021158
-8744850.0,259650.0,0.10232472201388264,0.0795690824009232,0.05199014817063273,0.2689025987208257,0.12297841642375826,295.799095109582,0.043425142841506004,200.5229662125892
-8739900.0,135000.0,0.10232481333025104,0.0795690824009232,0.05199014817063273,0.2689025987208257,0.12297841642375826,295.7991049971652,0.043425142841506004,194.52001704436853
-8739900.0,139950.0,0.10232481846714418,0.0795690824009232,0.05199014817063273,0.2689025987208257,0.12297841642375826,295.7991055533812,0.043425142841506004,194.24082800327764
-8739900.0,144900.0,0.10232482158096254,0.0795690824009232,0.05199014817063273,0.2689025987208257,0.12297841642375826,295.7991058905415,0.043425142841506004,194.1577729364088
-8739900.0,154800.0,0.10232482452920078,0.0795690824009232,0.05199014817063273,0.2689025987208257,0.12297841642375826,295.7991062097729,0.043425142841506004,194.49975062534858
-8739900.0,169650.0,0.10232483186197458,0.0795690824009232,0.05199014817063273,0.2689025987208257,0.12297841642375826,295.799107003757,0.043425142841506004,195.82060272280867
-8739900.0,184950.0,0.10232485550379627,0.0795690824009232,0.05199014817063273,0.2689025987208257,0.12297841642375826,295.7991095636685,0.043425142841506004,197.3167876840369
-8739900.0,189900.0,0.10232486677680014,0.0795690824009232,0.05199014817063273,0.2689025987208257,0.12297841642375826,295.79911078429916,0.043425142841506004,197.69522726133422
-8739900.0,199800.0,0.10232489149861831,0.0795690824009232,0.05199014817063273,0.2689025987208257,0.12297841642375826,295.7991134611582,0.043425142841506004,198.21993964412366
-8739900.0,214650.0,0.10232491987486196,0.0795690824009232,0.05199014817063273,0.2689025987208257,0.12297841642375826,295.79911653372193,0.043425142841506004,198.50044390374458
-8739900.0,219600.0,0.10232492268371308,0.0795690824009232,0.05199014817063273,0.2689025987208257,0.12297841642375826,295.7991168378635,0.043425142841506004,198.52089759549327
-8739900.0,234900.0,0.10232489712155887,0.0795690824009232,0.05199014817063273,0.2689025987208257,0.12297841642375826,295.7991140700066,0.043425142841506004,198.67589166180633
-8739900.0,249750.0,0.10232481961770731,0.0795690824009232,0.05199014817063273,0.2689025987208257,0.12297841642375826,295.7991056779627,0.043425142841506004,199.34192955186293
-8739900.0,254700.0,0.1023247853072368,0.0795690824009232,0.05199014817063273,0.2689025987208257,0.12297841642375826,295.79910196287295,0.043425142841506004,199.72031038018108
-8739900.0,259650.0,0.10232474900106386,0.0795690824009232,0.05199014817063273,0.2689025987208257,0.12297841642375826,295.7990980317016,0.043425142841506004,200.17550916279524
-8739900.0,264600.0,0.10232471230804786,0.0795690824009232,0.05199014817063273,0.2689025987208257,0.12297841642375826,295.79909405865476,0.043425142841506004,200.70004703785375
-8734950.0,129600.0,0.10232479617830555,0.0795690824009232,0.05199014817063273,0.2689025987208257,0.12297841642375826,295.79910313997607,0.043425142841506004,194.9056552978379
-8734950.0,154800.0,0.10232482146852202,0.0795690824009232,0.05199014817063273,0.2689025987208257,0.12297841642375826,295.79910587836656,0.043425142841506004,194.25778332499146
-8734950.0,174600.0,0.10232483556496079,0.0795690824009232,0.05199014817063273,0.2689025987208257,0.12297841642375826,295.79910740471234,0.043425142841506004,196.10511269331096
-8734950.0,189900.0,0.1023248659661799,0.0795690824009232,0.05199014817063273,0.2689025987208257,0.12297841642375826,295.79911069652513,0.043425142841506004,197.48894020288483
-8734950.0,194850.0,0.10232487890732486,0.0795690824009232,0.05199014817063273,0.2689025987208257,0.12297841642375826,295.79911209778214,0.043425142841506004,197.79635798828264
-8734950.0,199800.0,0.10232489228273349,0.0795690824009232,0.05199014817063273,0.2689025987208257,0.12297841642375826,295.7991135460619,0.043425142841506004,198.0231092019871
-8734950.0,204750.0,0.10232490515300297,0.0795690824009232,0.05199014817063273,0.2689025987208257,0.12297841642375826,295.7991149396467,0.043425142841506004,198.17439323200364
-8734950.0,219600.0,0.10232492983423441,0.0795690824009232,0.05199014817063273,0.2689025987208257,0.12297841642375826,295.79911761211855,0.043425142841506004,198.3220963041331
-8734950.0,234900.0,0.10232491129504617,0.0795690824009232,0.05199014817063273,0.2689025987208257,0.12297841642375826,295.7991156047034,0.043425142841506004,198.46206281718702
-8734950.0,249750.0,0.10232483993697465,0.0795690824009232,0.05199014817063273,0.2689025987208257,0.12297841642375826,295.799107878109,0.043425142841506004,199.10970552725303
-8734950.0,274950.0,0.10232466369423028,0.0795690824009232,0.05199014817063273,0.2689025987208257,0.12297841642375826,295.7990887948637,0.043425142841506004,201.70644624267075
-8734950.0,279900.0,0.1023246339930246,0.0795690824009232,0.05199014817063273,0.2689025987208257,0.12297841642375826,295.7990855788962,0.043425142841506004,202.36258807459387
-8730000.0,129600.0,0.10232478219025672,0.0795690824009232,0.05199014817063273,0.2689025987208257,0.12297841642375826,295.7991016253711,0.043425142841506004,194.8719757402369
-8730000.0,144900.0,0.10232480936441841,0.0795690824009232,0.05199014817063273,0.2689025987208257,0.12297841642375826,295.79910456774985,0.043425142841506004,193.80791993268778
-8730000.0,159750.0,0.10232481906918223,0.0795690824009232,0.05199014817063273,0.2689025987208257,0.12297841642375826,295.79910561856883,0.043425142841506004,194.45344790751338
-8730000.0,184950.0,0.1023248515134353,0.0795690824009232,0.05199014817063273,0.2689025987208257,0.12297841642375826,295.7991091315962,0.043425142841506004,196.9401517306048
-8730000.0,194850.0,0.1023248767344965,0.0795690824009232,0.05199014817063273,0.2689025987208257,0.12297841642375826,295.7991118625102,0.043425142841506004,197.64916438280255
-8730000.0,219600.0,0.10232493253904823,0.0795690824009232,0.05199014817063273,0.2689025987208257,0.12297841642375826,295.7991179049953,0.043425142841506004,198.2076460297792
-8730000.0,225000.0,0.10232493414381298,0.0795690824009232,0.05199014817063273,0.2689025987208257,0.12297841642375826,295.79911807875845,0.043425142841506004,198.22810565042303
-8730000.0,249750.0,0.1023248542579458,0.0795690824009232,0.05199014817063273,0.2689025987208257,0.12297841642375826,295.7991094287692,0.043425142841506004,198.97957465049683
-8730000.0,254700.0,0.10232482289878733,0.0795690824009232,0.05199014817063273,0.2689025987208257,0.12297841642375826,295.7991060332341,0.043425142841506004,199.34208651055206
-8730000.0,274950.0,0.1023246815866187,0.0795690824009232,0.05199014817063273,0.2689025987208257,0.12297841642375826,295.79909073220745,0.043425142841506004,201.5124083893402
-8724600.0,124650.0,0.10232474309798043,0.0795690824009232,0.05199014817063273,0.2689025987208257,0.12297841642375826,295.7990973925271,0.043425142841506004,195.78362589424057
-8724600.0,129600.0,0.10232476156198693,0.0795690824009232,0.05199014817063273,0.2689025987208257,0.12297841642375826,295.79909939177577,0.043425142841506004,194.95803488797475
-8724600.0,144900.0,0.10232479811990575,0.0795690824009232,0.05199014817063273,0.2689025987208257,0.12297841642375826,295.7991033502097,0.043425142841506004,193.76437677366022
-8724600.0,164700.0,0.10232481717911478,0.0795690824009232,0.05199014817063273,0.2689025987208257,0.12297841642375826,295.799105413915,0.043425142841506004,194.75772747760413
-8724600.0,194850.0,0.10232487229328419,0.0795690824009232,0.05199014817063273,0.2689025987208257,0.12297841642375826,295.7991113816192,0.043425142841506004,197.51672867439183
-8724600.0,214650.0,0.1023249232967535,0.0795690824009232,0.05199014817063273,0.2689025987208257,0.12297841642375826,295.7991169042427,0.043425142841506004,198.11535285719347
-8724600.0,229950.0,0.10232493088071455,0.0795690824009232,0.05199014817063273,0.2689025987208257,0.12297841642375826,295.7991177254316,0.043425142841506004,198.2314339827911
-8724600.0,234900.0,0.10232492245174762,0.0795690824009232,0.05199014817063273,0.2689025987208257,0.12297841642375826,295.7991168127464,0.043425142841506004,198.31663555419897
-8724600.0,249750.0,0.1023248624001236,0.0795690824009232,0.05199014817063273,0.2689025987208257,0.12297841642375826,295.79911031039626,0.043425142841506004,198.93503771577835
-8724600.0,264600.0,0.10232476540933441,0.0795690824009232,0.05199014817063273,0.2689025987208257,0.12297841642375826,295.7990998083601,0.043425142841506004,200.1909744880207
-8724600.0,279900.0,0.10232466394688094,0.0795690824009232,0.05199014817063273,0.2689025987208257,0.12297841642375826,295.7990888222205,0.043425142841506004,201.98272538141552
-8714700.0,114750.0,0.1023246268633419,0.0795690824009232,0.05199014817063273,0.2689025987208257,0.12297841642375826,295.7990848069139,0.043425142841506004,198.72654702845114
-8714700.0,124650.0,0.1023246877670113,0.0795690824009232,0.05199014817063273,0.2689025987208257,0.12297841642375826,295.7990914014058,0.043425142841506004,196.3132722987206
-8714700.0,129600.0,0.10232471432192158,0.0795690824009232,0.05199014817063273,0.2689025987208257,0.12297841642375826,295.7990942767127,0.043425142841506004,195.38298164927167
-8714700.0,139950.0,0.10232475789420592,0.0795690824009232,0.05199014817063273,0.2689025987208257,0.12297841642375826,295.7990989946351,0.043425142841506004,194.12441944898507
-8714700.0,144900.0,0.10232477280856025,0.0795690824009232,0.05199014817063273,0.2689025987208257,0.12297841642375826,295.79910060953614,0.043425142841506004,193.85421339071044
-8714700.0,154800.0,0.10232479319064176,0.0795690824009232,0.05199014817063273,0.2689025987208257,0.12297841642375826,295.7991028164761,0.043425142841506004,193.88994816899347
-8714700.0,164700.0,0.10232480619362622,0.0795690824009232,0.05199014817063273,0.2689025987208257,0.12297841642375826,295.7991042244209,0.043425142841506004,194.51179657126266
-8714700.0,189900.0,0.10232484741024815,0.0795690824009232,0.05199014817063273,0.2689025987208257,0.12297841642375826,295.7991086873073,0.043425142841506004,196.86563341858184
-8714700.0,199800.0,0.10232487253521365,0.0795690824009232,0.05199014817063273,0.2689025987208257,0.12297841642375826,295.7991114078151,0.043425142841506004,197.51649812467952
-8714700.0,204750.0,0.10232488556450382,0.0795690824009232,0.05199014817063273,0.2689025987208257,0.12297841642375826,295.7991128186166,0.043425142841506004,197.74106519504235
-8714700.0,234900.0,0.10232491150867215,0.0795690824009232,0.05199014817063273,0.2689025987208257,0.12297841642375826,295.79911562783485,0.043425142841506004,198.40052587804536
-8714700.0,264600.0,0.10232476782997812,0.0795690824009232,0.05199014817063273,0.2689025987208257,0.12297841642375826,295.7991000704632,0.043425142841506004,200.17452759714016
-8714700.0,279900.0,0.10232466932695466,0.0795690824009232,0.05199014817063273,0.2689025987208257,0.12297841642375826,295.79908940476105,0.043425142841506004,201.7708756161043
-8709750.0,114750.0,0.1023245898007601,0.0795690824009232,0.05199014817063273,0.2689025987208257,0.12297841642375826,295.79908079388827,0.043425142841506004,199.19827704598734
-8709750.0,124650.0,0.10232465884285546,0.0795690824009232,0.05199014817063273,0.2689025987208257,0.12297841642375826,295.7990882695692,0.043425142841506004,196.68197650040034
-8709750.0,129600.0,0.10232468966036132,0.0795690824009232,0.05199014817063273,0.2689025987208257,0.12297841642375826,295.79909160641347,0.043425142841506004,195.68846996858127
-8709750.0,159750.0,0.10232479319631525,0.0795690824009232,0.05199014817063273,0.2689025987208257,0.12297841642375826,295.79910281709044,0.043425142841506004,194.03372043998
-8709750.0,189900.0,0.1023248400631845,0.0795690824009232,0.05199014817063273,0.2689025987208257,0.12297841642375826,295.79910789177467,0.043425142841506004,196.62150328304594
-8709750.0,194850.0,0.10232485145061411,0.0795690824009232,0.05199014817063273,0.2689025987208257,0.12297841642375826,295.799109124794,0.043425142841506004,196.99943387713725
-8709750.0,199800.0,0.10232486362189357,0.0795690824009232,0.05199014817063273,0.2689025987208257,0.12297841642375826,295.7991104426883,0.043425142841506004,197.3184783506125
-8709750.0,204750.0,0.1023248759154976,0.0795690824009232,0.05199014817063273,0.2689025987208257,0.12297841642375826,295.79911177382945,0.043425142841506004,197.57747842675772
-8709750.0,214650.0,0.10232489738660423,0.0795690824009232,0.05199014817063273,0.2689025987208257,0.12297841642375826,295.7991140987056,0.043425142841506004,197.94163493455883
-8709750.0,229950.0,0.102324906980937,0.0795690824009232,0.05199014817063273,0.2689025987208257,0.12297841642375826,295.7991151375742,0.043425142841506004,198.31816253933337
-8709750.0,234900.0,0.10232490053465218,0.0795690824009232,0.05199014817063273,0.2689025987208257,0.12297841642375826,295.79911443957405,0.043425142841506004,198.4581334388323
-8709750.0,254700.0,0.10232482263693597,0.0795690824009232,0.05199014817063273,0.2689025987208257,0.12297841642375826,295.79910600488114,0.043425142841506004,199.42619734886364
-8709750.0,274950.0,0.10232469418322053,0.0795690824009232,0.05199014817063273,0.2689025987208257,0.12297841642375826,295.79909209613874,0.043425142841506004,201.17804686372318
-8704800.0,104850.0,0.10232448010883764,0.0795690824009232,0.05199014817063273,0.2689025987208257,0.12297841642375826,295.7990689168388,0.043425142841506004,202.78839510668863
-8704800.0,109800.0,0.102324516979544,0.0795690824009232,0.05199014817063273,0.2689025987208257,0.12297841642375826,295.79907290905584,0.043425142841506004,201.21967588374193
-8704800.0,114750.0,0.10232455577223322,0.0795690824009232,0.05199014817063273,0.2689025987208257,0.12297841642375826,295.7990771093898,0.043425142841506004,199.72193433530336
-8704800.0,124650.0,0.10232463231032923,0.0795690824009232,0.05199014817063273,0.2689025987208257,0.12297841642375826,295.7990853966981,0.043425142841506004,197.09547182337536
-8704800.0,129600.0,0.10232466700291609,0.0795690824009232,0.05199014817063273,0.2689025987208257,0.12297841642375826,295.7990891531199,0.043425142841506004,196.03159419667088
-8704800.0,139950.0,0.10232472613558338,0.0795690824009232,0.05199014817063273,0.2689025987208257,0.12297841642375826,295.79909555587136,0.043425142841506004,194.45754471298469
-8704800.0,154800.0,0.10232477634957797,0.0795690824009232,0.05199014817063273,0.2689025987208257,0.12297841642375826,295.79910099295176,0.043425142841506004,193.76450780965297
-8704800.0,159750.0,0.10232478596995928,0.0795690824009232,0.05199014817063273,0.2689025987208257,0.12297841642375826,295.79910203463135,0.043425142841506004,193.88613818011845
-8704800.0,164700.0,0.1023247935451051,0.0795690824009232,0.05199014817063273,0.2689025987208257,0.12297841642375826,295.7991028548566,0.043425142841506004,194.1396427146775
-8704800.0,169650.0,0.10232480007377948,0.0795690824009232,0.05199014817063273,0.2689025987208257,0.12297841642375826,295.7991035617722,0.043425142841506004,194.49232600532028
-8704800.0,174600.0,0.10232480646181441,0.0795690824009232,0.05199014817063273,0.2689025987208257,0.12297841642375826,295.79910425345963,0.043425142841506004,194.9106537925236
-8704800.0,189900.0,0.1023248317014425,0.0795690824009232,0.05199014817063273,0.2689025987208257,0.12297841642375826,295.7991069863749,0.043425142841506004,196.29536025492217
-8704800.0,194850.0,0.1023248423008378,0.0795690824009232,0.05199014817063273,0.2689025987208257,0.12297841642375826,295.7991081340654,0.043425142841506004,196.69310611682994
-8704800.0,199800.0,0.10232485368507899,0.0795690824009232,0.05199014817063273,0.2689025987208257,0.12297841642375826,295.79910936673934,0.043425142841506004,197.04321100439043
-8704800.0,204750.0,0.10232486523193716,0.0795690824009232,0.05199014817063273,0.2689025987208257,0.12297841642375826,295.79911061702256,0.043425142841506004,197.34218498719164
-8704800.0,219600.0,0.10232489222007253,0.0795690824009232,0.05199014817063273,0.2689025987208257,0.12297841642375826,295.7991135392767,0.043425142841506004,197.98152126266376
-8704800.0,225000.0,0.1023248955885808,0.0795690824009232,0.05199014817063273,0.2689025987208257,0.12297841642375826,295.79911390401696,0.043425142841506004,198.1592098823768
-8704800.0,229950.0,0.10232489413029106,0.0795690824009232,0.05199014817063273,0.2689025987208257,0.12297841642375826,295.79911374611424,0.043425142841506004,198.32055591437077
-8704800.0,244800.0,0.10232485913112144,0.0795690824009232,0.05199014817063273,0.2689025987208257,0.12297841642375826,295.79910995643195,0.043425142841506004,198.92084451060407
-8704800.0,264600.0,0.10232475122598343,0.0795690824009232,0.05199014817063273,0.2689025987208257,0.12297841642375826,295.79909827261196,0.043425142841506004,200.2278169571802
-8704800.0,274950.0,0.10232468553417837,0.0795690824009232,0.05199014817063273,0.2689025987208257,0.12297841642375826,295.79909115963994,0.043425142841506004,201.12750311147957
-8704800.0,279900.0,0.10232465638111173,0.0795690824009232,0.05199014817063273,0.2689025987208257,0.12297841642375826,295.79908800301786,0.043425142841506004,201.5907035972052
-8699850.0,109800.0,0.10232448648024686,0.0795690824009232,0.05199014817063273,0.2689025987208257,0.12297841642375826,295.7990696067094,0.043425142841506004,201.81297383439303
-8699850.0,135000.0,0.10232468476616738,0.0795690824009232,0.05199014817063273,0.2689025987208257,0.12297841642375826,295.7990910764816,0.043425142841506004,195.365866567214
-8699850.0,139950.0,0.10232471303444186,0.0795690824009232,0.05199014817063273,0.2689025987208257,0.12297841642375826,295.79909413730707,0.043425142841506004,194.63372843491794
-8699850.0,144900.0,0.10232473613066947,0.0795690824009232,0.05199014817063273,0.2689025987208257,0.12297841642375826,295.79909663811986,0.043425142841506004,194.10910428051497
-8699850.0,159750.0,0.10232477833345863,0.0795690824009232,0.05199014817063273,0.2689025987208257,0.12297841642375826,295.7991012077632,0.043425142841506004,193.69085697456302
-8699850.0,184950.0,0.10232481336707898,0.0795690824009232,0.05199014817063273,0.2689025987208257,0.12297841642375826,295.7991050011529,0.043425142841506004,195.4371342256723
-8699850.0,189900.0,0.10232482214252533,0.0795690824009232,0.05199014817063273,0.2689025987208257,0.12297841642375826,295.79910595134646,0.043425142841506004,195.8773110572057
-8699850.0,194850.0,0.10232483208255283,0.0795690824009232,0.05199014817063273,0.2689025987208257,0.12297841642375826,295.79910702764124,0.043425142841506004,196.29536361606353
-8699850.0,199800.0,0.10232484283377828,0.0795690824009232,0.05199014817063273,0.2689025987208257,0.12297841642375826,295.7991081917716,0.043425142841506004,196.67916819185356
-8699850.0,219600.0,0.10232487942965957,0.0795690824009232,0.05199014817063273,0.2689025987208257,0.12297841642375826,295.79911215434026,0.043425142841506004,197.82813006992055
-8699850.0,225000.0,0.10232488249996904,0.0795690824009232,0.05199014817063273,0.2689025987208257,0.12297841642375826,295.799112486791,0.043425142841506004,198.06563235336213
-8699850.0,234900.0,0.10232487441822713,0.0795690824009232,0.05199014817063273,0.2689025987208257,0.12297841642375826,295.79911161170634,0.043425142841506004,198.4903183630798
-8699850.0,249750.0,0.10232482462969336,0.0795690824009232,0.05199014817063273,0.2689025987208257,0.12297841642375826,295.79910622065427,0.043425142841506004,199.2417460232095
-8699850.0,294750.0,0.1023245801045684,0.0795690824009232,0.05199014817063273,0.2689025987208257,0.12297841642375826,295.79907974401493,0.043425142841506004,202.7971169646303
-8694900.0,135000.0,0.10232467337242201,0.0795690824009232,0.05199014817063273,0.2689025987208257,0.12297841642375826,295.79908984279444,0.043425142841506004,195.63529507683978
-8694900.0,139950.0,0.10232470288603195,0.0795690824009232,0.05199014817063273,0.2689025987208257,0.12297841642375826,295.7990930384593,0.043425142841506004,194.80137026839105
-8694900.0,144900.0,0.10232472689901842,0.0795690824009232,0.05199014817063273,0.2689025987208257,0.12297841642375826,295.79909563853454,0.043425142841506004,194.17039745860825
-8694900.0,174600.0,0.10232478918209832,0.0795690824009232,0.05199014817063273,0.2689025987208257,0.12297841642375826,295.79910238243684,0.043425142841506004,194.07422343271844
-8694900.0,184950.0,0.10232480274102633,0.0795690824009232,0.05199014817063273,0.2689025987208257,0.12297841642375826,295.79910385057815,0.043425142841506004,194.9249266533274
-8694900.0,189900.0,0.10232481104571607,0.0795690824009232,0.05199014817063273,0.2689025987208257,0.12297841642375826,295.7991047497983,0.043425142841506004,195.36779851774315
-8694900.0,204750.0,0.10232484167877397,0.0795690824009232,0.05199014817063273,0.2689025987208257,0.12297841642375826,295.7991080667088,0.043425142841506004,196.61616684370165
-8694900.0,214650.0,0.10232486054354117,0.0795690824009232,0.05199014817063273,0.2689025987208257,0.12297841642375826,295.7991101093671,0.043425142841506004,197.30351199649851
-8694900.0,225000.0,0.10232486981842875,0.0795690824009232,0.05199014817063273,0.2689025987208257,0.12297841642375826,295.799111113644,0.043425142841506004,197.90859582785848
-8694900.0,229950.0,0.10232486818231953,0.0795690824009232,0.05199014817063273,0.2689025987208257,0.12297841642375826,295.7991109364876,0.043425142841506004,198.1743355359089
-8694900.0,234900.0,0.10232486176283027,0.0795690824009232,0.05199014817063273,0.2689025987208257,0.12297841642375826,295.79911024139085,0.043425142841506004,198.43557211222682
-8694900.0,244800.0,0.10232483372558974,0.0795690824009232,0.05199014817063273,0.2689025987208257,0.12297841642375826,295.79910720554744,0.043425142841506004,198.97255325869136
-8694900.0,274950.0,0.10232466509655748,0.0795690824009232,0.05199014817063273,0.2689025987208257,0.12297841642375826,295.79908894670416,0.043425142841506004,200.9667638088003
-8685000.0,109800.0,0.10232446055527417,0.0795690824009232,0.05199014817063273,0.2689025987208257,0.12297841642375826,295.7990667996593,0.043425142841506004,203.6066158856707
-8685000.0,114750.0,0.1023245047440189,0.0795690824009232,0.05199014817063273,0.2689025987208257,0.12297841642375826,295.7990715842395,0.043425142841506004,201.97579392189834
-8685000.0,139950.0,0.10232469202471302,0.0795690824009232,0.05199014817063273,0.2689025987208257,0.12297841642375826,295.79909186242025,0.043425142841506004,195.09708587018903
-8685000.0,154800.0,0.10232474074898809,0.0795690824009232,0.05199014817063273,0.2689025987208257,0.12297841642375826,295.7990971381824,0.043425142841506004,193.108652637918
-8685000.0,159750.0,0.10232474847160382,0.0795690824009232,0.05199014817063273,0.2689025987208257,0.12297841642375826,295.79909797437267,0.043425142841506004,192.83337750703902
-8685000.0,184950.0,0.10232477398126699,0.0795690824009232,0.05199014817063273,0.2689025987208257,0.12297841642375826,295.7991007365148,0.043425142841506004,193.6916045818916
-8685000.0,189900.0,0.10232478219440991,0.0795690824009232,0.05199014817063273,0.2689025987208257,0.12297841642375826,295.79910162582087,0.043425142841506004,194.13242474907497
-8685000.0,199800.0,0.10232480301674007,0.0795690824009232,0.05199014817063273,0.2689025987208257,0.12297841642375826,295.79910388043186,0.043425142841506004,195.09718114007512
-8685000.0,214650.0,0.10232483539567735,0.0795690824009232,0.05199014817063273,0.2689025987208257,0.12297841642375826,295.7991073863823,0.043425142841506004,196.52819479459603
-8685000.0,225000.0,0.10232484685808407,0.0795690824009232,0.05199014817063273,0.2689025987208257,0.12297841642375826,295.7991086275196,0.043425142841506004,197.4175280759997
-8685000.0,259650.0,0.10232474207852854,0.0795690824009232,0.05199014817063273,0.2689025987208257,0.12297841642375826,295.79909728214255,0.043425142841506004,199.7792337557577
-8685000.0,264600.0,0.10232471266594767,0.0795690824009232,0.05199014817063273,0.2689025987208257,0.12297841642375826,295.7990940974073,0.043425142841506004,200.07590858454284
-8685000.0,284850.0,0.10232459825963085,0.0795690824009232,0.05199014817063273,0.2689025987208257,0.12297841642375826,295.79908170978854,0.043425142841506004,201.30409310733916
-8685000.0,289800.0,0.10232457704440481,0.0795690824009232,0.05199014817063273,0.2689025987208257,0.12297841642375826,295.7990794126703,0.043425142841506004,201.62420007973122
-8679600.0,99900.0,0.10232439652767757,0.0795690824009232,0.05199014817063273,0.2689025987208257,0.12297841642375826,295.7990598670351,0.043425142841506004,207.41802555038157
-8679600.0,109800.0,0.10232447778763394,0.0795690824009232,0.05199014817063273,0.2689025987208257,0.12297841642375826,295.7990686655081,0.043425142841506004,204.2062681527362
-8679600.0,114750.0,0.10232452049701013,0.0795690824009232,0.05199014817063273,0.2689025987208257,0.12297841642375826,295.7990732899141,0.043425142841506004,202.55169125014987
-8679600.0,164700.0,0.10232473551490237,0.0795690824009232,0.05199014817063273,0.2689025987208257,0.12297841642375826,295.7990965714456,0.043425142841506004,192.26407849257325
-8679600.0,169650.0,0.10232473803374269,0.0795690824009232,0.05199014817063273,0.2689025987208257,0.12297841642375826,295.79909684418067,0.043425142841506004,192.22546671242955
-8679600.0,174600.0,0.10232474109234799,0.0795690824009232,0.05199014817063273,0.2689025987208257,0.12297841642375826,295.7990971753609,0.043425142841506004,192.33897134181174
-8679600.0,184950.0,0.10232475262635138,0.0795690824009232,0.05199014817063273,0.2689025987208257,0.12297841642375826,295.79909842424127,0.043425142841506004,192.96645106241183
-8679600.0,189900.0,0.10232476134507111,0.0795690824009232,0.05199014817063273,0.2689025987208257,0.12297841642375826,295.79909936828864,0.043425142841506004,193.4021591526084
-8679600.0,199800.0,0.10232478413504303,0.0795690824009232,0.05199014817063273,0.2689025987208257,0.12297841642375826,295.7991018359497,0.043425142841506004,194.42012270796306
-8679600.0,219600.0,0.10232482946714691,0.0795690824009232,0.05199014817063273,0.2689025987208257,0.12297841642375826,295.79910674444807,0.043425142841506004,196.5555296561732
-8679600.0,254700.0,0.10232476418106493,0.0795690824009232,0.05199014817063273,0.2689025987208257,0.12297841642375826,295.7990996753653,0.043425142841506004,199.38215627706487
-8679600.0,264600.0,0.10232470859490213,0.0795690824009232,0.05199014817063273,0.2689025987208257,0.12297841642375826,295.7990936566032,0.043425142841506004,199.9548842595429
-8679600.0,279900.0,0.10232462025153376,0.0795690824009232,0.05199014817063273,0.2689025987208257,0.12297841642375826,295.7990840910062,0.043425142841506004,200.77297282196056
-8679600.0,289800.0,0.10232457478187061,0.0795690824009232,0.05199014817063273,0.2689025987208257,0.12297841642375826,295.7990791676902,0.043425142841506004,201.32693183054755
-8674650.0,104850.0,0.10232446220032505,0.0795690824009232,0.05199014817063273,0.2689025987208257,0.12297841642375826,295.79906697777835,0.043425142841506004,206.3402495486892
-8674650.0,124650.0,0.10232461571794442,0.0795690824009232,0.05199014817063273,0.2689025987208257,0.12297841642375826,295.7990836001224,0.043425142841506004,199.753082646639
-8674650.0,129600.0,0.10232464522286698,0.0795690824009232,0.05199014817063273,0.2689025987208257,0.12297841642375826,295.79908679483276,0.043425142841506004,198.20778425988368
-8674650.0,135000.0,0.1023246710521334,0.0795690824009232,0.05199014817063273,0.2689025987208257,0.12297841642375826,295.79908959155915,0.043425142841506004,196.654750299811
-8674650.0,144900.0,0.10232470092408319,0.0795690824009232,0.05199014817063273,0.2689025987208257,0.12297841642375826,295.79909282602404,0.043425142841506004,194.28916493768116
-8674650.0,174600.0,0.10232471727688415,0.0795690824009232,0.05199014817063273,0.2689025987208257,0.12297841642375826,295.79909459666953,0.043425142841506004,191.7788153229523
-8674650.0,184950.0,0.1023247287901604,0.0795690824009232,0.05199014817063273,0.2689025987208257,0.12297841642375826,295.79909584330386,0.043425142841506004,192.32566346397687
-8674650.0,189900.0,0.10232473830371966,0.0795690824009232,0.05199014817063273,0.2689025987208257,0.12297841642375826,295.79909687341353,0.043425142841506004,192.75472919121563
-8674650.0,199800.0,0.10232476374334325,0.0795690824009232,0.05199014817063273,0.2689025987208257,0.12297841642375826,295.79909962796944,0.043425142841506004,193.81628468664084
-8674650.0,219600.0,0.10232481623238496,0.0795690824009232,0.05199014817063273,0.2689025987208257,0.12297841642375826,295.79910531140445,0.043425142841506004,196.18270775882863
-8674650.0,225000.0,0.10232482383959737,0.0795690824009232,0.05199014817063273,0.2689025987208257,0.12297841642375826,295.7991061351036,0.043425142841506004,196.7852342634296
-8674650.0,229950.0,0.10232482621259108,0.0795690824009232,0.05199014817063273,0.2689025987208257,0.12297841642375826,295.7991063920487,0.043425142841506004,197.30162617713484
-8674650.0,249750.0,0.10232478391257394,0.0795690824009232,0.05199014817063273,0.2689025987208257,0.12297841642375826,295.79910181186074,0.043425142841506004,198.96537369712192
-8674650.0,254700.0,0.10232476137206914,0.0795690824009232,0.05199014817063273,0.2689025987208257,0.12297841642375826,295.7990993712121,0.043425142841506004,199.28469775674859
-8674650.0,274950.0,0.10232464764240279,0.0795690824009232,0.05199014817063273,0.2689025987208257,0.12297841642375826,295.7990870568136,0.043425142841506004,200.33557864921121
-8669700.0,124650.0,0.10232463270248116,0.0795690824009232,0.05199014817063273,0.2689025987208257,0.12297841642375826,295.79908543915917,0.043425142841506004,200.14715980292198
-8669700.0,129600.0,0.10232465605210839,0.0795690824009232,0.05199014817063273,0.2689025987208257,0.12297841642375826,295.7990879673943,0.043425142841506004,198.54301851940568
-8669700.0,135000.0,0.10232467479989807,0.0795690824009232,0.05199014817063273,0.2689025987208257,0.12297841642375826,295.799089997358,0.043425142841506004,196.90721005782012
-8669700.0,139950.0,0.1023246859961279,0.0795690824009232,0.05199014817063273,0.2689025987208257,0.12297841642375826,295.79909120965925,0.043425142841506004,195.5482645220646
-8669700.0,144900.0,0.10232469210886205,0.0795690824009232,0.05199014817063273,0.2689025987208257,0.12297841642375826,295.79909187153197,0.043425142841506004,194.35240572045814
-8669700.0,154800.0,0.10232469335932805,0.0795690824009232,0.05199014817063273,0.2689025987208257,0.12297841642375826,295.7990920069293,0.043425142841506004,192.5276569526903
-8669700.0,194850.0,0.10232472455757105,0.0795690824009232,0.05199014817063273,0.2689025987208257,0.12297841642375826,295.79909538500766,0.043425142841506004,192.69276645560205
-8669700.0,225000.0,0.1023248111275514,0.0795690824009232,0.05199014817063273,0.2689025987208257,0.12297841642375826,295.7991047586598,0.043425142841506004,196.52167047047564
-8669700.0,244800.0,0.10232479735915695,0.0795690824009232,0.05199014817063273,0.2689025987208257,0.12297841642375826,295.7991032678368,0.043425142841506004,198.51024320268482
-8669700.0,249750.0,0.10232478070650766,0.0795690824009232,0.05199014817063273,0.2689025987208257,0.12297841642375826,295.799101464713,0.043425142841506004,198.87990307909962
-8669700.0,259650.0,0.10232473510089019,0.0795690824009232,0.05199014817063273,0.2689025987208257,0.12297841642375826,295.7990965266169,0.043425142841506004,199.48305869426332
-8669700.0,274950.0,0.1023246500891852,0.0795690824009232,0.05199014817063273,0.2689025987208257,0.12297841642375826,295.79908732174476,0.043425142841506004,200.17717195384893
-8664750.0,94950.0,0.10232444972274836,0.0795690824009232,0.05199014817063273,0.2689025987208257,0.12297841642375826,295.79906562675876,0.043425142841506004,209.96436825757493
-8664750.0,129600.0,0.10232466474603005,0.0795690824009232,0.05199014817063273,0.2689025987208257,0.12297841642375826,295.79908890875004,0.043425142841506004,198.88522714149377
-8664750.0,135000.0,0.10232467573022831,0.0795690824009232,0.05199014817063273,0.2689025987208257,0.12297841642375826,295.7990900980917,0.043425142841506004,197.18364346959837
-8664750.0,154800.0,0.10232466985053962,0.0795690824009232,0.05199014817063273,0.2689025987208257,0.12297841642375826,295.7990894614537,0.043425142841506004,192.46134769608858
-8664750.0,159750.0,0.10232466369977947,0.0795690824009232,0.05199014817063273,0.2689025987208257,0.12297841642375826,295.7990887954646,0.043425142841506004,191.76271768449556
-8664750.0,164700.0,0.10232465854939023,0.0795690824009232,0.05199014817063273,0.2689025987208257,0.12297841642375826,295.7990882377937,0.043425142841506004,191.27521942525064
-8664750.0,169650.0,0.10232465560486255,0.0795690824009232,0.05199014817063273,0.2689025987208257,0.12297841642375826,295.79908791896753,0.043425142841506004,190.99547348244425
-8664750.0,225000.0,0.10232479612874193,0.0795690824009232,0.05199014817063273,0.2689025987208257,0.12297841642375826,295.7991031346093,0.043425142841506004,196.33702411700418
-8664750.0,229950.0,0.10232480309405409,0.0795690824009232,0.05199014817063273,0.2689025987208257,0.12297841642375826,295.7991038888033,0.043425142841506004,196.954414338482
-8664750.0,234900.0,0.10232480484741306,0.0795690824009232,0.05199014817063273,0.2689025987208257,0.12297841642375826,295.79910407865486,0.043425142841506004,197.51781369659446
-8664750.0,249750.0,0.1023247770057471,0.0795690824009232,0.05199014817063273,0.2689025987208257,0.12297841642375826,295.79910106400047,0.043425142841506004,198.84087019634197
-8654850.0,94950.0,0.10232450035717525,0.0795690824009232,0.05199014817063273,0.2689025987208257,0.12297841642375826,295.7990711092491,0.043425142841506004,210.25758763616057
-8654850.0,99900.0,0.1023245392416594,0.0795690824009232,0.05199014817063273,0.2689025987208257,0.12297841642375826,295.7990753195172,0.043425142841506004,209.06955428108924
-8654850.0,124650.0,0.10232466081535589,0.0795690824009232,0.05199014817063273,0.2689025987208257,0.12297841642375826,295.7990884831466,0.043425142841506004,201.30900946992242
-8654850.0,135000.0,0.10232466003030286,0.0795690824009232,0.05199014817063273,0.2689025987208257,0.12297841642375826,295.79908839814306,0.043425142841506004,197.8662583468489
-8654850.0,164700.0,0.1023245856184932,0.0795690824009232,0.05199014817063273,0.2689025987208257,0.12297841642375826,295.7990803410455,0.043425142841506004,191.24749107897927
-8654850.0,184950.0,0.10232459433408987,0.0795690824009232,0.05199014817063273,0.2689025987208257,0.12297841642375826,295.7990812847428,0.043425142841506004,190.9599439225218
-8654850.0,189900.0,0.10232460906389511,0.0795690824009232,0.05199014817063273,0.2689025987208257,0.12297841642375826,295.7990828796415,0.043425142841506004,191.35831529904576
-8654850.0,194850.0,0.10232462768863908,0.0795690824009232,0.05199014817063273,0.2689025987208257,0.12297841642375826,295.7990848962747,0.043425142841506004,191.89289816486865
-8654850.0,199800.0,0.10232464919894102,0.0795690824009232,0.05199014817063273,0.2689025987208257,0.12297841642375826,295.79908722535134,0.043425142841506004,192.5342280450128
-8654850.0,219600.0,0.1023247391235298,0.0795690824009232,0.05199014817063273,0.2689025987208257,0.12297841642375826,295.7990969621809,0.043425142841506004,195.56451450956024
-8654850.0,225000.0,0.10232475748179508,0.0795690824009232,0.05199014817063273,0.2689025987208257,0.12297841642375826,295.79909894998013,0.043425142841506004,196.3661014638248
-8654850.0,229950.0,0.10232476964049537,0.0795690824009232,0.05199014817063273,0.2689025987208257,0.12297841642375826,295.79910026650344,0.043425142841506004,197.04559102375757
-8654850.0,244800.0,0.10232477357178697,0.0795690824009232,0.05199014817063273,0.2689025987208257,0.12297841642375826,295.799100692177,0.043425142841506004,198.64962135502435
-8649900.0,84600.0,0.10232443007903799,0.0795690824009232,0.05199014817063273,0.2689025987208257,0.12297841642375826,295.79906349982355,0.043425142841506004,211.98908088946834
-8649900.0,104850.0,0.10232458380961117,0.0795690824009232,0.05199014817063273,0.2689025987208257,0.12297841642375826,295.7990801451851,0.043425142841506004,207.91494631929422
-8649900.0,109800.0,0.10232461231621465,0.0795690824009232,0.05199014817063273,0.2689025987208257,0.12297841642375826,295.79908323179313,0.043425142841506004,206.50416359889914
-8649900.0,135000.0,0.10232464035528399,0.0795690824009232,0.05199014817063273,0.2689025987208257,0.12297841642375826,295.7990862677844,0.043425142841506004,198.29878020229327
-8649900.0,144900.0,0.10232460827791377,0.0795690824009232,0.05199014817063273,0.2689025987208257,0.12297841642375826,295.79908279453787,0.043425142841506004,195.36145482624383
-8649900.0,159750.0,0.10232455636699475,0.0795690824009232,0.05199014817063273,0.2689025987208257,0.12297841642375826,295.7990771737893,0.043425142841506004,192.17059790588908
-8649900.0,189900.0,0.10232457164723144,0.0795690824009232,0.05199014817063273,0.2689025987208257,0.12297841642375826,295.79907882828206,0.043425142841506004,191.53122184365412
-8649900.0,204750.0,0.10232464045237827,0.0795690824009232,0.05199014817063273,0.2689025987208257,0.12297841642375826,295.799086278297,0.043425142841506004,193.45505132189692
-8649900.0,225000.0,0.10232473420006429,0.0795690824009232,0.05199014817063273,0.2689025987208257,0.12297841642375826,295.7990964290775,0.043425142841506004,196.65059954690088
-8649900.0,229950.0,0.10232474870577632,0.0795690824009232,0.05199014817063273,0.2689025987208257,0.12297841642375826,295.79909799972864,0.043425142841506004,197.34286688657932
-8649900.0,244800.0,0.10232476016460385,0.0795690824009232,0.05199014817063273,0.2689025987208257,0.12297841642375826,295.79909924047,0.043425142841506004,198.94574803757484
-8644950.0,79650.0,0.10232439810564675,0.0795690824009232,0.05199014817063273,0.2689025987208257,0.12297841642375826,295.79906003789034,0.043425142841506004,212.1679613645
-8644950.0,94950.0,0.10232451198191042,0.0795690824009232,0.05199014817063273,0.2689025987208257,0.12297841642375826,295.7990723679308,0.043425142841506004,210.23234558991916
-8644950.0,99900.0,0.10232454783341424,0.0795690824009232,0.05199014817063273,0.2689025987208257,0.12297841642375826,295.79907624980234,0.043425142841506004,209.22911509292743
-8644950.0,104850.0,0.10232457940802575,0.0795690824009232,0.05199014817063273,0.2689025987208257,0.12297841642375826,295.79907966859565,0.043425142841506004,208.0557302976049
-8644950.0,114750.0,0.1023246226980817,0.0795690824009232,0.05199014817063273,0.2689025987208257,0.12297841642375826,295.79908435591113,0.043425142841506004,205.28303199555788
-8644950.0,129600.0,0.10232462685644995,0.0795690824009232,0.05199014817063273,0.2689025987208257,0.12297841642375826,295.7990848061676,0.043425142841506004,200.5330011569214
-8644950.0,135000.0,0.10232461228307332,0.0795690824009232,0.05199014817063273,0.2689025987208257,0.12297841642375826,295.7990832282041,0.043425142841506004,198.80515181675668
-8644950.0,159750.0,0.10232451562684264,0.0795690824009232,0.05199014817063273,0.2689025987208257,0.12297841642375826,295.7990727625905,0.043425142841506004,192.6799794780069
-8644950.0,164700.0,0.10232450391611692,0.0795690824009232,0.05199014817063273,0.2689025987208257,0.12297841642375826,295.7990714945977,0.043425142841506004,192.01581637791796
-8644950.0,169650.0,0.10232449787205536,0.0795690824009232,0.05199014817063273,0.2689025987208257,0.12297841642375826,295.7990708401698,0.043425142841506004,191.57531583824715
-8644950.0,184950.0,0.10232451777522425,0.0795690824009232,0.05199014817063273,0.2689025987208257,0.12297841642375826,295.799072995209,0.043425142841506004,191.58341045663602
-8644950.0,189900.0,0.10232453550608843,0.0795690824009232,0.05199014817063273,0.2689025987208257,0.12297841642375826,295.7990749150428,0.043425142841506004,191.9757732347268
-8644950.0,194850.0,0.10232455738691468,0.0795690824009232,0.05199014817063273,0.2689025987208257,0.12297841642375826,295.7990772842225,0.043425142841506004,192.51690066599318
-8644950.0,199800.0,0.10232458229285682,0.0795690824009232,0.05199014817063273,0.2689025987208257,0.12297841642375826,295.7990799809558,0.043425142841506004,193.17568393044385
-8644950.0,214650.0,0.10232466247994915,0.0795690824009232,0.05199014817063273,0.2689025987208257,0.12297841642375826,295.79908866338445,0.043425142841506004,195.524322159755
-8644950.0,234900.0,0.10232473734451246,0.0795690824009232,0.05199014817063273,0.2689025987208257,0.12297841642375826,295.7990967695523,0.043425142841506004,198.4544615536398
-8644950.0,244800.0,0.10232474399071745,0.0795690824009232,0.05199014817063273,0.2689025987208257,0.12297841642375826,295.7990974891904,0.043425142841506004,199.40761785791207
-8640000.0,84600.0,0.10232442875326034,0.0795690824009232,0.05199014817063273,0.2689025987208257,0.12297841642375826,295.7990633562739,0.043425142841506004,211.4076823242587
-8640000.0,99900.0,0.10232453424875453,0.0795690824009232,0.05199014817063273,0.2689025987208257,0.12297841642375826,295.7990747789033,0.043425142841506004,209.2205550652877
-8640000.0,104850.0,0.10232456259829542,0.0795690824009232,0.05199014817063273,0.2689025987208257,0.12297841642375826,295.79907784849314,0.043425142841506004,208.15150849914215
-8640000.0,109800.0,0.10232458472504674,0.0795690824009232,0.05199014817063273,0.2689025987208257,0.12297841642375826,295.79908024430557,0.043425142841506004,206.92815804196056
-8640000.0,114750.0,0.10232459928364883,0.0795690824009232,0.05199014817063273,0.2689025987208257,0.12297841642375826,295.79908182066566,0.043425142841506004,205.57446799447405
-8640000.0,124650.0,0.102324603602403,0.0795690824009232,0.05199014817063273,0.2689025987208257,0.12297841642375826,295.79908228828737,0.043425142841506004,202.60172884145345
-8640000.0,129600.0,0.10232459409178332,0.0795690824009232,0.05199014817063273,0.2689025987208257,0.12297841642375826,295.7990812585065,0.043425142841506004,201.05684658251715
-8640000.0,135000.0,0.1023245767082937,0.0795690824009232,0.05199014817063273,0.2689025987208257,0.12297841642375826,295.7990793762776,0.043425142841506004,199.39007604298808
-8640000.0,144900.0,0.10232453388165805,0.0795690824009232,0.05199014817063273,0.2689025987208257,0.12297841642375826,295.7990747391553,0.043425142841506004,196.55731010148367
-8640000.0,154800.0,0.10232449138826273,0.0795690824009232,0.05199014817063273,0.2689025987208257,0.12297841642375826,295.7990701381299,0.043425142841506004,194.26471534035556
-8640000.0,164700.0,0.1023244640936075,0.0795690824009232,0.05199014817063273,0.2689025987208257,0.12297841642375826,295.79906718277516,0.043425142841506004,192.73648138530788
-8640000.0,174600.0,0.10232446059181619,0.0795690824009232,0.05199014817063273,0.2689025987208257,0.12297841642375826,295.7990668036156,0.043425142841506004,192.0820978086453
-8640000.0,189900.0,0.10232450282366339,0.0795690824009232,0.05199014817063273,0.2689025987208257,0.12297841642375826,295.7990713763108,0.043425142841506004,192.7024877447036
-8640000.0,194850.0,0.10232452608051193,0.0795690824009232,0.05199014817063273,0.2689025987208257,0.12297841642375826,295.7990738944755,0.043425142841506004,193.2463967294837
-8640000.0,199800.0,0.10232455222367984,0.0795690824009232,0.05199014817063273,0.2689025987208257,0.12297841642375826,295.799076725165,0.043425142841506004,193.9085252212026
-8640000.0,214650.0,0.10232463553574522,0.0795690824009232,0.05199014817063273,0.2689025987208257,0.12297841642375826,295.79908574593753,0.043425142841506004,196.2623310487207
-8640000.0,219600.0,0.10232466081398288,0.0795690824009232,0.05199014817063273,0.2689025987208257,0.12297841642375826,295.7990884829981,0.043425142841506004,197.0580412514595
-8634600.0,74700.0,0.10232436833939565,0.0795690824009232,0.05199014817063273,0.2689025987208257,0.12297841642375826,295.79905681494387,0.043425142841506004,211.29833203121987
-8634600.0,94950.0,0.10232448058577043,0.0795690824009232,0.05199014817063273,0.2689025987208257,0.12297841642375826,295.7990689684793,0.043425142841506004,209.93240298132702
-8634600.0,99900.0,0.1023245086219443,0.0795690824009232,0.05199014817063273,0.2689025987208257,0.12297841642375826,295.7990720041266,0.043425142841506004,209.1578353369724
-8634600.0,109800.0,0.10232455088001984,0.0795690824009232,0.05199014817063273,0.2689025987208257,0.12297841642375826,295.7990765796782,0.043425142841506004,207.11465827665486
-8634600.0,114750.0,0.10232456204091842,0.0795690824009232,0.05199014817063273,0.2689025987208257,0.12297841642375826,295.79907778814265,0.043425142841506004,205.88203221310383
-8634600.0,124650.0,0.10232456121340434,0.0795690824009232,0.05199014817063273,0.2689025987208257,0.12297841642375826,295.7990776985417,0.043425142841506004,203.13311263725564
-8634600.0,139950.0,0.10232451070704339,0.0795690824009232,0.05199014817063273,0.2689025987208257,0.12297841642375826,295.7990722298933,0.043425142841506004,198.7284338260166
-8634600.0,144900.0,0.10232448846833778,0.0795690824009232,0.05199014817063273,0.2689025987208257,0.12297841642375826,295.7990698219719,0.043425142841506004,197.42846945873944
-8634600.0,159750.0,0.10232443351149625,0.0795690824009232,0.05199014817063273,0.2689025987208257,0.12297841642375826,295.79906387147474,0.043425142841506004,194.4054751863733
-8634600.0,174600.0,0.10232442546657682,0.0795690824009232,0.05199014817063273,0.2689025987208257,0.12297841642375826,295.7990630004067,0.043425142841506004,193.16216984361267
-8634600.0,184950.0,0.1023244527485465,0.0795690824009232,0.05199014817063273,0.2689025987208257,0.12297841642375826,295.79906595437933,0.043425142841506004,193.41180335336367
-8634600.0,194850.0,0.10232449816320317,0.0795690824009232,0.05199014817063273,0.2689025987208257,0.12297841642375826,295.7990708716943,0.043425142841506004,194.3593837324891
-8634600.0,219600.0,0.10232463560702793,0.0795690824009232,0.05199014817063273,0.2689025987208257,0.12297841642375826,295.79908575365545,0.043425142841506004,198.1335187829559
-8634600.0,225000.0,0.10232466001712837,0.0795690824009232,0.05199014817063273,0.2689025987208257,0.12297841642375826,295.7990883967167,0.043425142841506004,198.92708143996498
-8634600.0,244800.0,0.10232470508769766,0.0795690824009232,0.05199014817063273,0.2689025987208257,0.12297841642375826,295.79909327685067,0.043425142841506004,200.95521809322818
-8624700.0,64800.0,0.10232436267255413,0.0795690824009232,0.05199014817063273,0.2689025987208257,0.12297841642375826,295.7990562013666,0.043425142841506004,209.58689694364023
-8624700.0,79650.0,0.10232438036582975,0.0795690824009232,0.05199014817063273,0.2689025987208257,0.12297841642375826,295.79905811710756,0.043425142841506004,210.12918687378033
-8624700.0,94950.0,0.10232443025984399,0.0795690824009232,0.05199014817063273,0.2689025987208257,0.12297841642375826,295.79906351940014,0.043425142841506004,209.47416957283582
-8624700.0,99900.0,0.10232444691846597,0.0795690824009232,0.05199014817063273,0.2689025987208257,0.12297841642375826,295.79906532312333,0.043425142841506004,208.93927352066672
-8624700.0,104850.0,0.10232446103905068,0.0795690824009232,0.05199014817063273,0.2689025987208257,0.12297841642375826,295.7990668520402,0.043425142841506004,208.2459182109017
-8624700.0,114750.0,0.10232447623077792,0.0795690824009232,0.05199014817063273,0.2689025987208257,0.12297841642375826,295.799068496938,0.043425142841506004,206.43129735621642
-8624700.0,124650.0,0.10232446948191228,0.0795690824009232,0.05199014817063273,0.2689025987208257,0.12297841642375826,295.7990677661985,0.043425142841506004,204.19105129992707
-8624700.0,129600.0,0.10232445834137269,0.0795690824009232,0.05199014817063273,0.2689025987208257,0.12297841642375826,295.79906655994705,0.043425142841506004,202.98639455878714
-8624700.0,135000.0,0.10232444192994258,0.0795690824009232,0.05199014817063273,0.2689025987208257,0.12297841642375826,295.79906478298716,0.043425142841506004,201.66378868912966
-8624700.0,144900.0,0.10232440733080521,0.0795690824009232,0.05199014817063273,0.2689025987208257,0.12297841642375826,295.7990610367476,0.043425142841506004,199.37624151318607
-8624700.0,154800.0,0.10232437926235664,0.0795690824009232,0.05199014817063273,0.2689025987208257,0.12297841642375826,295.79905799762867,0.043425142841506004,197.50915361271527
-8624700.0,164700.0,0.10232436948335791,0.0795690824009232,0.05199014817063273,0.2689025987208257,0.12297841642375826,295.7990569388062,0.043425142841506004,196.2900104289113
-8624700.0,174600.0,0.10232438313717175,0.0795690824009232,0.05199014817063273,0.2689025987208257,0.12297841642375826,295.799058417175,0.043425142841506004,195.84144998881882
-8624700.0,189900.0,0.1023244442460246,0.0795690824009232,0.05199014817063273,0.2689025987208257,0.12297841642375826,295.79906503376316,0.043425142841506004,196.61232389011002
-8624700.0,225000.0,0.10232462742121351,0.0795690824009232,0.05199014817063273,0.2689025987208257,0.12297841642375826,295.79908486731864,0.043425142841506004,201.49086325407328
-8624700.0,234900.0,0.10232465720547074,0.0795690824009232,0.05199014817063273,0.2689025987208257,0.12297841642375826,295.7990880922777,0.043425142841506004,202.52817024436249
-8619750.0,45000.0,0.10232442280432277,0.0795690824009232,0.05199014817063273,0.2689025987208257,0.12297841642375826,295.79906271214986,0.043425142841506004,207.30247344409673
-8619750.0,69750.0,0.102324373693409,0.0795690824009232,0.05199014817063273,0.2689025987208257,0.12297841642375826,295.79905739465033,0.043425142841506004,209.1667965530007
-8619750.0,74700.0,0.1023243741326084,0.0795690824009232,0.05199014817063273,0.2689025987208257,0.12297841642375826,295.79905744220457,0.043425142841506004,209.41311974620817
-8619750.0,99900.0,0.10232441649488988,0.0795690824009232,0.05199014817063273,0.2689025987208257,0.12297841642375826,295.79906202899286,0.043425142841506004,208.79942079346617
-8619750.0,104850.0,0.10232442503707755,0.0795690824009232,0.05199014817063273,0.2689025987208257,0.12297841642375826,295.7990629539024,0.043425142841506004,208.23671396102833
-8619750.0,109800.0,0.10232443071063098,0.0795690824009232,0.05199014817063273,0.2689025987208257,0.12297841642375826,295.7990635682095,0.043425142841506004,207.5324102944359
-8619750.0,114750.0,0.10232443261266634,0.0795690824009232,0.05199014817063273,0.2689025987208257,0.12297841642375826,295.7990637741535,0.043425142841506004,206.70140057315535
-8619750.0,124650.0,0.10232442370653318,0.0795690824009232,0.05199014817063273,0.2689025987208257,0.12297841642375826,295.7990628098368,0.043425142841506004,204.7496836492605
-8619750.0,129600.0,0.10232441349676949,0.0795690824009232,0.05199014817063273,0.2689025987208257,0.12297841642375826,295.79906170436993,0.043425142841506004,203.68707573808376
-8619750.0,135000.0,0.10232439943557757,0.0795690824009232,0.05199014817063273,0.2689025987208257,0.12297841642375826,295.7990601818892,0.043425142841506004,202.51438970520135
-8619750.0,139950.0,0.10232438539943028,0.0795690824009232,0.05199014817063273,0.2689025987208257,0.12297841642375826,295.7990586621212,0.043425142841506004,201.4659947060649
-8619750.0,154800.0,0.1023243530237003,0.0795690824009232,0.05199014817063273,0.2689025987208257,0.12297841642375826,295.7990551566371,0.043425142841506004,198.82802584486438
-8619750.0,169650.0,0.10232436076424187,0.0795690824009232,0.05199014817063273,0.2689025987208257,0.12297841642375826,295.7990559947439,0.043425142841506004,197.52017942036193
-8619750.0,184950.0,0.10232441722904975,0.0795690824009232,0.05199014817063273,0.2689025987208257,0.12297841642375826,295.79906210848407,0.043425142841506004,197.86766912622053
-8619750.0,189900.0,0.10232444275155075,0.0795690824009232,0.05199014817063273,0.2689025987208257,0.12297841642375826,295.79906487194796,0.043425142841506004,198.30639855158438
-8619750.0,199800.0,0.10232449808930126,0.0795690824009232,0.05199014817063273,0.2689025987208257,0.12297841642375826,295.7990708636923,0.043425142841506004,199.5159240650007
-8619750.0,219600.0,0.10232459920512565,0.0795690824009232,0.05199014817063273,0.2689025987208257,0.12297841642375826,295.7990818121635,0.043425142841506004,202.35447565597207
-8619750.0,234900.0,0.10232464607360728,0.0795690824009232,0.05199014817063273,0.2689025987208257,0.12297841642375826,295.79908688694854,0.043425142841506004,203.9477939909865
-8614800.0,49950.0,0.10232442577056353,0.0795690824009232,0.05199014817063273,0.2689025987208257,0.12297841642375826,295.7990630333209,0.043425142841506004,206.92936528140658
-8614800.0,54900.0,0.10232441277802637,0.0795690824009232,0.05199014817063273,0.2689025987208257,0.12297841642375826,295.7990616265477,0.043425142841506004,207.3275968836897
-8614800.0,74700.0,0.10232438082893297,0.0795690824009232,0.05199014817063273,0.2689025987208257,0.12297841642375826,295.7990581672502,0.043425142841506004,208.78716552312835
-8614800.0,79650.0,0.10232437920414883,0.0795690824009232,0.05199014817063273,0.2689025987208257,0.12297841642375826,295.7990579913264,0.043425142841506004,209.00198901125265
-8614800.0,84600.0,0.1023243799452825,0.0795690824009232,0.05199014817063273,0.2689025987208257,0.12297841642375826,295.799058071573,0.043425142841506004,209.1134159010142
-8614800.0,94950.0,0.1023243865385852,0.0795690824009232,0.05199014817063273,0.2689025987208257,0.12297841642375826,295.79905878546367,0.043425142841506004,208.94399364306884
-8614800.0,109800.0,0.10232439433680009,0.0795690824009232,0.05199014817063273,0.2689025987208257,0.12297841642375826,295.7990596298174,0.043425142841506004,207.65334782015105
-8614800.0,114750.0,0.10232439299081532,0.0795690824009232,0.05199014817063273,0.2689025987208257,0.12297841642375826,295.79905948408043,0.043425142841506004,206.96765862677148
-8614800.0,124650.0,0.10232438197273373,0.0795690824009232,0.05199014817063273,0.2689025987208257,0.12297841642375826,295.79905829109526,0.043425142841506004,205.31683919998417
-8614800.0,129600.0,0.10232437287836536,0.0795690824009232,0.05199014817063273,0.2689025987208257,0.12297841642375826,295.7990573064012,0.043425142841506004,204.40504600453156
-8614800.0,139950.0,0.10232435104168197,0.0795690824009232,0.05199014817063273,0.2689025987208257,0.12297841642375826,295.7990549420338,0.043425142841506004,202.48719277086332
-8614800.0,144900.0,0.10232434197548784,0.0795690824009232,0.05199014817063273,0.2689025987208257,0.12297841642375826,295.7990539603928,0.043425142841506004,201.6359246358566
-8614800.0,159750.0,0.10232433557567641,0.0795690824009232,0.05199014817063273,0.2689025987208257,0.12297841642375826,295.79905326745455,0.043425142841506004,199.71535439983558
-8614800.0,174600.0,0.10232437343938372,0.0795690824009232,0.05199014817063273,0.2689025987208257,0.12297841642375826,295.7990573671456,0.043425142841506004,199.17162892651592
-8614800.0,194850.0,0.1023244775245655,0.0795690824009232,0.05199014817063273,0.2689025987208257,0.12297841642375826,295.79906863702416,0.043425142841506004,200.69430037677537
-8614800.0,199800.0,0.10232450548253841,0.0795690824009232,0.05199014817063273,0.2689025987208257,0.12297841642375826,295.799071664204,0.043425142841506004,201.33719627942594
-8609850.0,129600.0,0.10232433827573595,0.0795690824009232,0.05199014817063273,0.2689025987208257,0.12297841642375826,295.7990535598027,0.043425142841506004,205.12530254358492
-8609850.0,135000.0,0.10232432956374397,0.0795690824009232,0.05199014817063273,0.2689025987208257,0.12297841642375826,295.7990526165139,0.043425142841506004,204.28089001625804
-8609850.0,139950.0,0.10232432272846298,0.0795690824009232,0.05199014817063273,0.2689025987208257,0.12297841642375826,295.79905187642555,0.043425142841506004,203.52337278447675
-8609850.0,144900.0,0.10232431814750281,0.0795690824009232,0.05199014817063273,0.2689025987208257,0.12297841642375826,295.79905138042363,0.043425142841506004,202.81414420005606
-8609850.0,154800.0,0.10232431983176166,0.0795690824009232,0.05199014817063273,0.2689025987208257,0.12297841642375826,295.79905156278613,0.043425142841506004,201.6573537811049
-8609850.0,169650.0,0.10232435765770444,0.0795690824009232,0.05199014817063273,0.2689025987208257,0.12297841642375826,295.79905565838345,0.043425142841506004,200.9036917289804
-8609850.0,174600.0,0.10232437930402176,0.0795690824009232,0.05199014817063273,0.2689025987208257,0.12297841642375826,295.79905800214016,0.043425142841506004,200.95910013057048
-8609850.0,184950.0,0.10232443423476469,0.0795690824009232,0.05199014817063273,0.2689025987208257,0.12297841642375826,295.799063949787,0.043425142841506004,201.54912017883098
-8604900.0,49950.0,0.10232444342501121,0.0795690824009232,0.05199014817063273,0.2689025987208257,0.12297841642375826,295.7990649448669,0.043425142841506004,205.6217682443573
-8604900.0,79650.0,0.10232438766701471,0.0795690824009232,0.05199014817063273,0.2689025987208257,0.12297841642375826,295.79905890764485,0.043425142841506004,207.96508125545918
-8604900.0,84600.0,0.10232437933847689,0.0795690824009232,0.05199014817063273,0.2689025987208257,0.12297841642375826,295.79905800587073,0.043425142841506004,208.2154146547133
-8604900.0,114750.0,0.1023243334780157,0.0795690824009232,0.05199014817063273,0.2689025987208257,0.12297841642375826,295.7990530403303,0.043425142841506004,207.47960072937536
-8604900.0,124650.0,0.10232431777136575,0.0795690824009232,0.05199014817063273,0.2689025987208257,0.12297841642375826,295.7990513396976,0.043425142841506004,206.4342811953144
-8604900.0,144900.0,0.10232430045687857,0.0795690824009232,0.05199014817063273,0.2689025987208257,0.12297841642375826,295.79904946497834,0.043425142841506004,203.98435048545667
-8604900.0,169650.0,0.10232436451373834,0.0795690824009232,0.05199014817063273,0.2689025987208257,0.12297841642375826,295.79905640072036,0.043425142841506004,202.6329202762567
-8604900.0,214650.0,0.1023246030752131,0.0795690824009232,0.05199014817063273,0.2689025987208257,0.12297841642375826,295.799082231205,0.043425142841506004,207.02292604425057
-8604900.0,219600.0,0.10232461791087849,0.0795690824009232,0.05199014817063273,0.2689025987208257,0.12297841642375826,295.7990838375666,0.043425142841506004,207.56224047506586
-8604900.0,225000.0,0.10232462986090371,0.0795690824009232,0.05199014817063273,0.2689025987208257,0.12297841642375826,295.79908513148115,0.043425142841506004,208.0527843692007
-8604900.0,234900.0,0.1023246408558679,0.0795690824009232,0.05199014817063273,0.2689025987208257,0.12297841642375826,295.79908632198595,0.043425142841506004,208.62388850709328
-8595000.0,54900.0,0.10232442316724867,0.0795690824009232,0.05199014817063273,0.2689025987208257,0.12297841642375826,295.79906275144583,0.043425142841506004,205.01899051959555
-8595000.0,64800.0,0.10232441561851097,0.0795690824009232,0.05199014817063273,0.2689025987208257,0.12297841642375826,295.7990619341026,0.043425142841506004,205.85214142733645
-8595000.0,84600.0,0.10232438315659957,0.0795690824009232,0.05199014817063273,0.2689025987208257,0.12297841642375826,295.7990584192786,0.043425142841506004,207.47835292669157
-8595000.0,109800.0,0.10232431500841092,0.0795690824009232,0.05199014817063273,0.2689025987208257,0.12297841642375826,295.79905104053955,0.043425142841506004,208.08728330453803
-8595000.0,114750.0,0.102324302154282,0.0795690824009232,0.05199014817063273,0.2689025987208257,0.12297841642375826,295.7990496487641,0.043425142841506004,207.9446339323443
-8595000.0,169650.0,0.10232438505877345,0.0795690824009232,0.05199014817063273,0.2689025987208257,0.12297841642375826,295.7990586252366,0.043425142841506004,205.92275439258125
-8595000.0,174600.0,0.1023244168867473,0.0795690824009232,0.05199014817063273,0.2689025987208257,0.12297841642375826,295.7990620714212,0.043425142841506004,206.17942334845125
-8589600.0,49950.0,0.10232440184941569,0.0795690824009232,0.05199014817063273,0.2689025987208257,0.12297841642375826,295.79906044324815,0.043425142841506004,204.31268158583944
-8589600.0,69750.0,0.10232440198413512,0.0795690824009232,0.05199014817063273,0.2689025987208257,0.12297841642375826,295.79906045783514,0.043425142841506004,205.90434278126182
-8589600.0,99900.0,0.1023243404572215,0.0795690824009232,0.05199014817063273,0.2689025987208257,0.12297841642375826,295.7990537960028,0.043425142841506004,208.01819279433153
-8589600.0,114750.0,0.10232429421134286,0.0795690824009232,0.05199014817063273,0.2689025987208257,0.12297841642375826,295.7990487887463,0.043425142841506004,208.17094126634598
-8589600.0,129600.0,0.10232426541748289,0.0795690824009232,0.05199014817063273,0.2689025987208257,0.12297841642375826,295.7990456711099,0.043425142841506004,207.7797988885496
-8589600.0,135000.0,0.10232426363655375,0.0795690824009232,0.05199014817063273,0.2689025987208257,0.12297841642375826,295.7990454782814,0.043425142841506004,207.57895864893322
-8589600.0,144900.0,0.1023242760919588,0.0795690824009232,0.05199014817063273,0.2689025987208257,0.12297841642375826,295.7990468268808,0.043425142841506004,207.2541256166931
-8589600.0,154800.0,0.10232431010439787,0.0795690824009232,0.05199014817063273,0.2689025987208257,0.12297841642375826,295.7990505095593,0.043425142841506004,207.11966884071754
-8589600.0,159750.0,0.10232433463547706,0.0795690824009232,0.05199014817063273,0.2689025987208257,0.12297841642375826,295.7990531656547,0.043425142841506004,207.16479452821915
-8589600.0,164700.0,0.1023243633338832,0.0795690824009232,0.05199014817063273,0.2689025987208257,0.12297841642375826,295.7990562729719,0.043425142841506004,207.29914411453643
-8589600.0,169650.0,0.102324395259068,0.0795690824009232,0.05199014817063273,0.2689025987208257,0.12297841642375826,295.7990597296763,0.043425142841506004,207.5273040185583
-8584650.0,45000.0,0.10232437054198452,0.0795690824009232,0.05199014817063273,0.2689025987208257,0.12297841642375826,295.7990570534293,0.043425142841506004,203.86011503905337
-8584650.0,74700.0,0.1023243880718496,0.0795690824009232,0.05199014817063273,0.2689025987208257,0.12297841642375826,295.79905895147823,0.043425142841506004,206.0922690113042
-8584650.0,79650.0,0.10232438466670807,0.0795690824009232,0.05199014817063273,0.2689025987208257,0.12297841642375826,295.7990585827857,0.043425142841506004,206.5341577044454
-8584650.0,94950.0,0.102324354055945,0.0795690824009232,0.05199014817063273,0.2689025987208257,0.12297841642375826,295.7990552684032,0.043425142841506004,207.6888701225103
-8584650.0,109800.0,0.10232430612332613,0.0795690824009232,0.05199014817063273,0.2689025987208257,0.12297841642375826,295.79905007851045,0.043425142841506004,208.28723540603644
-8584650.0,124650.0,0.10232426671892017,0.0795690824009232,0.05199014817063273,0.2689025987208257,0.12297841642375826,295.79904581202237,0.043425142841506004,208.3502550698
-8584650.0,129600.0,0.10232426047017959,0.0795690824009232,0.05199014817063273,0.2689025987208257,0.12297841642375826,295.7990451354446,0.043425142841506004,208.29489602493356
-8584650.0,139950.0,0.10232426379685303,0.0795690824009232,0.05199014817063273,0.2689025987208257,0.12297841642375826,295.7990454956375,0.043425142841506004,208.15985976492908
-8584650.0,154800.0,0.10232431160196863,0.0795690824009232,0.05199014817063273,0.2689025987208257,0.12297841642375826,295.7990506717082,0.043425142841506004,208.19582385335997
-8584650.0,159750.0,0.10232433791881838,0.0795690824009232,0.05199014817063273,0.2689025987208257,0.12297841642375826,295.79905352115753,0.043425142841506004,208.33017159167085
-8584650.0,164700.0,0.10232436825602656,0.0795690824009232,0.05199014817063273,0.2689025987208257,0.12297841642375826,295.79905680591736,0.043425142841506004,208.54219313027883
-8584650.0,169650.0,0.10232440157956921,0.0795690824009232,0.05199014817063273,0.2689025987208257,0.12297841642375826,295.7990604140303,0.043425142841506004,208.83521276407967
-8584650.0,174600.0,0.10232443671479742,0.0795690824009232,0.05199014817063273,0.2689025987208257,0.12297841642375826,295.7990642183142,0.043425142841506004,209.20752123665093
-8579700.0,139950.0,0.10232426240441012,0.0795690824009232,0.05199014817063273,0.2689025987208257,0.12297841642375826,295.79904534487156,0.043425142841506004,208.81735638095245
-8579700.0,154800.0,0.10232431239063029,0.0795690824009232,0.05199014817063273,0.2689025987208257,0.12297841642375826,295.7990507571002,0.043425142841506004,209.12926142661811
-8579700.0,159750.0,0.10232433942318298,0.0795690824009232,0.05199014817063273,0.2689025987208257,0.12297841642375826,295.79905368404235,0.043425142841506004,209.34039397386405
-8579700.0,169650.0,0.1023244040480869,0.0795690824009232,0.05199014817063273,0.2689025987208257,0.12297841642375826,295.79906068131015,0.043425142841506004,209.96646254676284
-8579700.0,174600.0,0.10232443937322987,0.0795690824009232,0.05199014817063273,0.2689025987208257,0.12297841642375826,295.7990645061577,0.043425142841506004,210.38113792751238
-8579700.0,184950.0,0.10232451306079327,0.0795690824009232,0.05199014817063273,0.2689025987208257,0.12297841642375826,295.7990724847485,0.043425142841506004,211.42814691498606
-8574750.0,154800.0,0.10232431215412927,0.0795690824009232,0.05199014817063273,0.2689025987208257,0.12297841642375826,295.79905073149314,0.043425142841506004,209.91275564945255
-8574750.0,159750.0,0.10232433888446647,0.0795690824009232,0.05199014817063273,0.2689025987208257,0.12297841642375826,295.79905362571304,0.043425142841506004,210.18704821669488
-8574750.0,164700.0,0.10232436935391817,0.0795690824009232,0.05199014817063273,0.2689025987208257,0.12297841642375826,295.7990569247915,0.043425142841506004,210.51926077244468
-8574750.0,169650.0,0.10232440248808988,0.0795690824009232,0.05199014817063273,0.2689025987208257,0.12297841642375826,295.79906051240073,0.043425142841506004,210.91052674661944
-8574750.0,174600.0,0.10232443712717806,0.0795690824009232,0.05199014817063273,0.2689025987208257,0.12297841642375826,295.7990642629647,0.043425142841506004,211.35781912954144
-8574750.0,184950.0,0.1023245092567561,0.0795690824009232,0.05199014817063273,0.2689025987208257,0.12297841642375826,295.7990720728615,0.043425142841506004,212.4375841538169
-8574750.0,189900.0,0.10232454130324206,0.0795690824009232,0.05199014817063273,0.2689025987208257,0.12297841642375826,295.799075542738,0.043425142841506004,212.99564630722526
-8564850.0,144900.0,0.10232427620939939,0.0795690824009232,0.05199014817063273,0.2689025987208257,0.12297841642375826,295.79904683959694,0.043425142841506004,210.4343173042861
-8564850.0,164700.0,0.1023243604762154,0.0795690824009232,0.05199014817063273,0.2689025987208257,0.12297841642375826,295.79905596355815,0.043425142841506004,211.7957539358041
-8564850.0,174600.0,0.10232442104761992,0.0795690824009232,0.05199014817063273,0.2689025987208257,0.12297841642375826,295.79906252194166,0.043425142841506004,212.72164595036918
-8559900.0,144900.0,0.10232427994783151,0.0795690824009232,0.05199014817063273,0.2689025987208257,0.12297841642375826,295.7990472443731,0.043425142841506004,210.7348237410047
-8559900.0,154800.0,0.1023243094612388,0.0795690824009232,0.05199014817063273,0.2689025987208257,0.12297841642375826,295.7990504399218,0.043425142841506004,211.39390201684435
-8559900.0,169650.0,0.10232438169214779,0.0795690824009232,0.05199014817063273,0.2689025987208257,0.12297841642375826,295.7990582607146,0.043425142841506004,212.6444736341307
-8559900.0,174600.0,0.10232441012039936,0.0795690824009232,0.05199014817063273,0.2689025987208257,0.12297841642375826,295.799061338792,0.043425142841506004,213.12956899964726
-8554950.0,154800.0,0.10232431083696844,0.0795690824009232,0.05199014817063273,0.2689025987208257,0.12297841642375826,295.79905058887823,0.043425142841506004,211.63537000628654
-8554950.0,169650.0,0.10232437412749526,0.0795690824009232,0.05199014817063273,0.2689025987208257,0.12297841642375826,295.79905744165103,0.043425142841506004,212.89984663684393
